workload,heap,n,seed,updates_per_item,repetition,update_ms,total_ms
batch_decrease,FibonacciHeap,1000,42,1,1,0.001708,0.443041
batch_decrease,IndexedBinaryHeap,1000,42,1,1,0.001458,0.030833
batch_decrease,IndexedBinaryHeap,1000,42,1,2,0.001333,0.026375
batch_decrease,FibonacciHeap,1000,42,1,2,0.001750,0.454167
batch_decrease,FibonacciHeap,1000,42,1,3,0.002417,0.437916
batch_decrease,IndexedBinaryHeap,1000,42,1,3,0.001334,0.023708
batch_decrease,IndexedBinaryHeap,1000,42,1,4,0.001292,0.025750
batch_decrease,FibonacciHeap,1000,42,1,4,0.001750,0.446625
batch_decrease,FibonacciHeap,1000,42,1,5,0.001875,0.449083
batch_decrease,IndexedBinaryHeap,1000,42,1,5,0.001417,0.022625
batch_decrease,FibonacciHeap,1000,42,10,1,0.016916,0.448834
batch_decrease,IndexedBinaryHeap,1000,42,10,1,0.012917,0.036417
batch_decrease,IndexedBinaryHeap,1000,42,10,2,0.012959,0.038500
batch_decrease,FibonacciHeap,1000,42,10,2,0.018583,0.488209
batch_decrease,FibonacciHeap,1000,42,10,3,0.018333,0.439167
batch_decrease,IndexedBinaryHeap,1000,42,10,3,0.012625,0.033416
batch_decrease,IndexedBinaryHeap,1000,42,10,4,0.012833,0.033042
batch_decrease,FibonacciHeap,1000,42,10,4,0.016542,0.426709
batch_decrease,FibonacciHeap,1000,42,10,5,0.016500,0.425083
batch_decrease,IndexedBinaryHeap,1000,42,10,5,0.012625,0.033209
batch_decrease,FibonacciHeap,1000,123,1,1,0.001792,0.442375
batch_decrease,IndexedBinaryHeap,1000,123,1,1,0.001458,0.033000
batch_decrease,IndexedBinaryHeap,1000,123,1,2,0.001458,0.026708
batch_decrease,FibonacciHeap,1000,123,1,2,0.002000,0.453041
batch_decrease,FibonacciHeap,1000,123,1,3,0.001792,0.427459
batch_decrease,IndexedBinaryHeap,1000,123,1,3,0.001417,0.023583
batch_decrease,IndexedBinaryHeap,1000,123,1,4,0.001375,0.022459
batch_decrease,FibonacciHeap,1000,123,1,4,0.001792,0.424208
batch_decrease,FibonacciHeap,1000,123,1,5,0.001792,0.423000
batch_decrease,IndexedBinaryHeap,1000,123,1,5,0.001333,0.023459
batch_decrease,FibonacciHeap,1000,123,10,1,0.019375,0.496834
batch_decrease,IndexedBinaryHeap,1000,123,10,1,0.012958,0.036916
batch_decrease,IndexedBinaryHeap,1000,123,10,2,0.013125,0.034625
batch_decrease,FibonacciHeap,1000,123,10,2,0.016375,0.439833
batch_decrease,FibonacciHeap,1000,123,10,3,0.016500,0.439125
batch_decrease,IndexedBinaryHeap,1000,123,10,3,0.012958,0.034125
batch_decrease,IndexedBinaryHeap,1000,123,10,4,0.012959,0.033709
batch_decrease,FibonacciHeap,1000,123,10,4,0.016417,0.438125
batch_decrease,FibonacciHeap,1000,123,10,5,0.016542,0.438458
batch_decrease,IndexedBinaryHeap,1000,123,10,5,0.012916,0.033584
batch_decrease,FibonacciHeap,1000,2026,1,1,0.001833,0.425916
batch_decrease,IndexedBinaryHeap,1000,2026,1,1,0.001375,0.028167
batch_decrease,IndexedBinaryHeap,1000,2026,1,2,0.001333,0.023625
batch_decrease,FibonacciHeap,1000,2026,1,2,0.001750,0.417500
batch_decrease,FibonacciHeap,1000,2026,1,3,0.001708,0.416542
batch_decrease,IndexedBinaryHeap,1000,2026,1,3,0.001416,0.023167
batch_decrease,IndexedBinaryHeap,1000,2026,1,4,0.001375,0.022000
batch_decrease,FibonacciHeap,1000,2026,1,4,0.001834,0.421417
batch_decrease,FibonacciHeap,1000,2026,1,5,0.001750,0.413291
batch_decrease,IndexedBinaryHeap,1000,2026,1,5,0.001375,0.021584
batch_decrease,FibonacciHeap,1000,2026,10,1,0.016375,0.439417
batch_decrease,IndexedBinaryHeap,1000,2026,10,1,0.012584,0.035542
batch_decrease,IndexedBinaryHeap,1000,2026,10,2,0.013041,0.036292
batch_decrease,FibonacciHeap,1000,2026,10,2,0.016250,0.437791
batch_decrease,FibonacciHeap,1000,2026,10,3,0.016250,0.434583
batch_decrease,IndexedBinaryHeap,1000,2026,10,3,0.012542,0.033333
batch_decrease,IndexedBinaryHeap,1000,2026,10,4,0.012666,0.034584
batch_decrease,FibonacciHeap,1000,2026,10,4,0.018542,0.439583
batch_decrease,FibonacciHeap,1000,2026,10,5,0.016292,0.497917
batch_decrease,IndexedBinaryHeap,1000,2026,10,5,0.012667,0.033167
batch_decrease,FibonacciHeap,10000,42,1,1,0.026125,5.221625
batch_decrease,IndexedBinaryHeap,10000,42,1,1,0.021250,0.438958
batch_decrease,IndexedBinaryHeap,10000,42,1,2,0.021167,0.416542
batch_decrease,FibonacciHeap,10000,42,1,2,0.026000,5.271625
batch_decrease,FibonacciHeap,10000,42,1,3,0.027000,5.328917
batch_decrease,IndexedBinaryHeap,10000,42,1,3,0.023416,0.418875
batch_decrease,IndexedBinaryHeap,10000,42,1,4,0.020625,0.424458
batch_decrease,FibonacciHeap,10000,42,1,4,0.026125,5.166917
batch_decrease,FibonacciHeap,10000,42,1,5,0.027750,5.150125
batch_decrease,IndexedBinaryHeap,10000,42,1,5,0.021042,0.430459
batch_decrease,FibonacciHeap,10000,42,10,1,0.267292,5.405708
batch_decrease,IndexedBinaryHeap,10000,42,10,1,0.220375,0.634917
batch_decrease,IndexedBinaryHeap,10000,42,10,2,0.219291,0.605125
batch_decrease,FibonacciHeap,10000,42,10,2,0.266666,5.482667
batch_decrease,FibonacciHeap,10000,42,10,3,0.286417,5.436000
batch_decrease,IndexedBinaryHeap,10000,42,10,3,0.256916,0.691875
batch_decrease,IndexedBinaryHeap,10000,42,10,4,0.224541,0.631500
batch_decrease,FibonacciHeap,10000,42,10,4,0.268792,5.346541
batch_decrease,FibonacciHeap,10000,42,10,5,0.264917,5.352667
batch_decrease,IndexedBinaryHeap,10000,42,10,5,0.217000,0.600542
batch_decrease,FibonacciHeap,10000,123,1,1,0.025916,5.217708
batch_decrease,IndexedBinaryHeap,10000,123,1,1,0.021208,0.460833
batch_decrease,IndexedBinaryHeap,10000,123,1,2,0.021625,0.419375
batch_decrease,FibonacciHeap,10000,123,1,2,0.026166,5.176375
batch_decrease,FibonacciHeap,10000,123,1,3,0.026583,5.165625
batch_decrease,IndexedBinaryHeap,10000,123,1,3,0.020792,0.407000
batch_decrease,IndexedBinaryHeap,10000,123,1,4,0.021167,0.400125
batch_decrease,FibonacciHeap,10000,123,1,4,0.026292,5.137333
batch_decrease,FibonacciHeap,10000,123,1,5,0.026208,5.103750
batch_decrease,IndexedBinaryHeap,10000,123,1,5,0.022125,0.412417
batch_decrease,FibonacciHeap,10000,123,10,1,0.265000,5.434292
batch_decrease,IndexedBinaryHeap,10000,123,10,1,0.215250,0.634792
batch_decrease,IndexedBinaryHeap,10000,123,10,2,0.217041,0.630291
batch_decrease,FibonacciHeap,10000,123,10,2,0.265042,5.392041
batch_decrease,FibonacciHeap,10000,123,10,3,0.265417,5.398750
batch_decrease,IndexedBinaryHeap,10000,123,10,3,0.218500,0.613000
batch_decrease,IndexedBinaryHeap,10000,123,10,4,0.217208,0.608459
batch_decrease,FibonacciHeap,10000,123,10,4,0.265625,5.418333
batch_decrease,FibonacciHeap,10000,123,10,5,0.281625,5.405000
batch_decrease,IndexedBinaryHeap,10000,123,10,5,0.218292,0.630292
batch_decrease,FibonacciHeap,10000,2026,1,1,0.026375,5.197000
batch_decrease,IndexedBinaryHeap,10000,2026,1,1,0.020750,0.445916
batch_decrease,IndexedBinaryHeap,10000,2026,1,2,0.021000,0.421917
batch_decrease,FibonacciHeap,10000,2026,1,2,0.026250,5.240958
batch_decrease,FibonacciHeap,10000,2026,1,3,0.027333,5.838667
batch_decrease,IndexedBinaryHeap,10000,2026,1,3,0.030459,0.474375
batch_decrease,IndexedBinaryHeap,10000,2026,1,4,0.027709,0.441333
batch_decrease,FibonacciHeap,10000,2026,1,4,0.026417,5.300417
batch_decrease,FibonacciHeap,10000,2026,1,5,0.026250,5.239750
batch_decrease,IndexedBinaryHeap,10000,2026,1,5,0.023083,0.412208
batch_decrease,FibonacciHeap,10000,2026,10,1,0.315708,6.269459
batch_decrease,IndexedBinaryHeap,10000,2026,10,1,0.275583,0.747791
batch_decrease,IndexedBinaryHeap,10000,2026,10,2,0.279083,0.717291
batch_decrease,FibonacciHeap,10000,2026,10,2,0.305459,5.746459
batch_decrease,FibonacciHeap,10000,2026,10,3,0.276708,5.483292
batch_decrease,IndexedBinaryHeap,10000,2026,10,3,0.246458,0.639042
batch_decrease,IndexedBinaryHeap,10000,2026,10,4,0.262167,0.665000
batch_decrease,FibonacciHeap,10000,2026,10,4,0.283292,5.497375
batch_decrease,FibonacciHeap,10000,2026,10,5,0.275000,5.470000
batch_decrease,IndexedBinaryHeap,10000,2026,10,5,0.253584,0.659792
batch_decrease,FibonacciHeap,100000,42,1,1,0.343792,63.810208
batch_decrease,IndexedBinaryHeap,100000,42,1,1,0.318875,6.964458
batch_decrease,IndexedBinaryHeap,100000,42,1,2,0.343833,7.139208
batch_decrease,FibonacciHeap,100000,42,1,2,0.503791,68.076041
batch_decrease,FibonacciHeap,100000,42,1,3,0.415208,62.264875
batch_decrease,IndexedBinaryHeap,100000,42,1,3,0.400666,6.911459
batch_decrease,IndexedBinaryHeap,100000,42,1,4,0.362542,6.822375
batch_decrease,FibonacciHeap,100000,42,1,4,0.412917,63.657792
batch_decrease,FibonacciHeap,100000,42,1,5,0.355583,62.316666
batch_decrease,IndexedBinaryHeap,100000,42,1,5,0.379042,6.876000
batch_decrease,FibonacciHeap,100000,42,10,1,3.471208,66.070750
batch_decrease,IndexedBinaryHeap,100000,42,10,1,4.664125,11.869959
batch_decrease,IndexedBinaryHeap,100000,42,10,2,3.820125,10.683542
batch_decrease,FibonacciHeap,100000,42,10,2,3.898834,71.909542
batch_decrease,FibonacciHeap,100000,42,10,3,3.780208,68.346416
batch_decrease,IndexedBinaryHeap,100000,42,10,3,3.520042,10.082292
batch_decrease,IndexedBinaryHeap,100000,42,10,4,3.540667,10.380709
batch_decrease,FibonacciHeap,100000,42,10,4,3.895084,73.687875
batch_decrease,FibonacciHeap,100000,42,10,5,3.470000,66.260917
batch_decrease,IndexedBinaryHeap,100000,42,10,5,3.600250,10.265708
batch_decrease,FibonacciHeap,100000,123,1,1,0.483583,64.371084
batch_decrease,IndexedBinaryHeap,100000,123,1,1,0.358250,6.871583
batch_decrease,IndexedBinaryHeap,100000,123,1,2,0.361583,6.832167
batch_decrease,FibonacciHeap,100000,123,1,2,0.356000,63.516542
batch_decrease,FibonacciHeap,100000,123,1,3,0.429417,61.359916
batch_decrease,IndexedBinaryHeap,100000,123,1,3,0.362708,6.798458
batch_decrease,IndexedBinaryHeap,100000,123,1,4,0.361958,6.809459
batch_decrease,FibonacciHeap,100000,123,1,4,0.383417,60.908125
batch_decrease,FibonacciHeap,100000,123,1,5,0.367041,60.699875
batch_decrease,IndexedBinaryHeap,100000,123,1,5,0.382375,6.850417
batch_decrease,FibonacciHeap,100000,123,10,1,3.485625,64.345292
batch_decrease,IndexedBinaryHeap,100000,123,10,1,2.755250,9.186167
batch_decrease,IndexedBinaryHeap,100000,123,10,2,2.747000,9.153041
batch_decrease,FibonacciHeap,100000,123,10,2,3.497375,64.187709
batch_decrease,FibonacciHeap,100000,123,10,3,3.433208,64.137459
batch_decrease,IndexedBinaryHeap,100000,123,10,3,2.750958,9.188333
batch_decrease,IndexedBinaryHeap,100000,123,10,4,2.742500,9.160083
batch_decrease,FibonacciHeap,100000,123,10,4,3.466416,63.948125
batch_decrease,FibonacciHeap,100000,123,10,5,3.413458,63.919042
batch_decrease,IndexedBinaryHeap,100000,123,10,5,2.764667,9.213958
batch_decrease,FibonacciHeap,100000,2026,1,1,0.365333,61.069916
batch_decrease,IndexedBinaryHeap,100000,2026,1,1,0.299625,7.337875
batch_decrease,IndexedBinaryHeap,100000,2026,1,2,0.404625,6.901333
batch_decrease,FibonacciHeap,100000,2026,1,2,0.386750,60.886083
batch_decrease,FibonacciHeap,100000,2026,1,3,0.345083,60.996375
batch_decrease,IndexedBinaryHeap,100000,2026,1,3,0.361042,6.817334
batch_decrease,IndexedBinaryHeap,100000,2026,1,4,0.357375,6.753750
batch_decrease,FibonacciHeap,100000,2026,1,4,0.342084,60.599708
batch_decrease,FibonacciHeap,100000,2026,1,5,0.340167,61.137375
batch_decrease,IndexedBinaryHeap,100000,2026,1,5,0.471542,7.169917
batch_decrease,FibonacciHeap,100000,2026,10,1,3.519834,64.561292
batch_decrease,IndexedBinaryHeap,100000,2026,10,1,2.754084,9.277500
batch_decrease,IndexedBinaryHeap,100000,2026,10,2,2.786917,9.231875
batch_decrease,FibonacciHeap,100000,2026,10,2,3.525875,65.128875
batch_decrease,FibonacciHeap,100000,2026,10,3,3.517750,64.406458
batch_decrease,IndexedBinaryHeap,100000,2026,10,3,2.754958,9.188459
batch_decrease,IndexedBinaryHeap,100000,2026,10,4,2.809667,9.279833
batch_decrease,FibonacciHeap,100000,2026,10,4,3.491959,64.824459
batch_decrease,FibonacciHeap,100000,2026,10,5,3.429041,64.754291
batch_decrease,IndexedBinaryHeap,100000,2026,10,5,2.756458,9.225958
