workload,heap,n,seed,repetition,elapsed_ms
insert_extract,FibonacciHeap,1000,42,1,0.476333
insert_extract,IndexedBinaryHeap,1000,42,1,0.031916
insert_extract,IndexedBinaryHeap,1000,42,2,0.023875
insert_extract,FibonacciHeap,1000,42,2,0.446583
insert_extract,FibonacciHeap,1000,42,3,0.449416
insert_extract,IndexedBinaryHeap,1000,42,3,0.022042
insert_extract,IndexedBinaryHeap,1000,42,4,0.023000
insert_extract,FibonacciHeap,1000,42,4,0.424209
insert_extract,FibonacciHeap,1000,42,5,0.455416
insert_extract,IndexedBinaryHeap,1000,42,5,0.026750
insert_extract,FibonacciHeap,1000,123,1,0.458750
insert_extract,IndexedBinaryHeap,1000,123,1,0.030083
insert_extract,IndexedBinaryHeap,1000,123,2,0.030209
insert_extract,FibonacciHeap,1000,123,2,0.449166
insert_extract,FibonacciHeap,1000,123,3,0.448708
insert_extract,IndexedBinaryHeap,1000,123,3,0.021875
insert_extract,IndexedBinaryHeap,1000,123,4,0.021333
insert_extract,FibonacciHeap,1000,123,4,0.434166
insert_extract,FibonacciHeap,1000,123,5,0.449334
insert_extract,IndexedBinaryHeap,1000,123,5,0.020708
insert_extract,FibonacciHeap,1000,2026,1,0.429209
insert_extract,IndexedBinaryHeap,1000,2026,1,0.027167
insert_extract,IndexedBinaryHeap,1000,2026,2,0.022458
insert_extract,FibonacciHeap,1000,2026,2,0.431666
insert_extract,FibonacciHeap,1000,2026,3,0.428500
insert_extract,IndexedBinaryHeap,1000,2026,3,0.021750
insert_extract,IndexedBinaryHeap,1000,2026,4,0.020875
insert_extract,FibonacciHeap,1000,2026,4,0.431375
insert_extract,FibonacciHeap,1000,2026,5,0.485041
insert_extract,IndexedBinaryHeap,1000,2026,5,0.023084
insert_extract,FibonacciHeap,10000,42,1,5.300250
insert_extract,IndexedBinaryHeap,10000,42,1,0.434292
insert_extract,IndexedBinaryHeap,10000,42,2,0.421792
insert_extract,FibonacciHeap,10000,42,2,5.198500
insert_extract,FibonacciHeap,10000,42,3,5.270916
insert_extract,IndexedBinaryHeap,10000,42,3,0.393625
insert_extract,IndexedBinaryHeap,10000,42,4,0.399709
insert_extract,FibonacciHeap,10000,42,4,5.177500
insert_extract,FibonacciHeap,10000,42,5,5.142334
insert_extract,IndexedBinaryHeap,10000,42,5,0.389000
insert_extract,FibonacciHeap,10000,123,1,5.199458
insert_extract,IndexedBinaryHeap,10000,123,1,0.438666
insert_extract,IndexedBinaryHeap,10000,123,2,0.399625
insert_extract,FibonacciHeap,10000,123,2,5.199917
insert_extract,FibonacciHeap,10000,123,3,5.145209
insert_extract,IndexedBinaryHeap,10000,123,3,0.393000
insert_extract,IndexedBinaryHeap,10000,123,4,0.383125
insert_extract,FibonacciHeap,10000,123,4,5.176750
insert_extract,FibonacciHeap,10000,123,5,5.139042
insert_extract,IndexedBinaryHeap,10000,123,5,0.378958
insert_extract,FibonacciHeap,10000,2026,1,5.237375
insert_extract,IndexedBinaryHeap,10000,2026,1,0.438959
insert_extract,IndexedBinaryHeap,10000,2026,2,0.398250
insert_extract,FibonacciHeap,10000,2026,2,5.211500
insert_extract,FibonacciHeap,10000,2026,3,5.184916
insert_extract,IndexedBinaryHeap,10000,2026,3,0.389458
insert_extract,IndexedBinaryHeap,10000,2026,4,0.383875
insert_extract,FibonacciHeap,10000,2026,4,5.108750
insert_extract,FibonacciHeap,10000,2026,5,5.143375
insert_extract,IndexedBinaryHeap,10000,2026,5,0.378166
insert_extract,FibonacciHeap,100000,42,1,60.791667
insert_extract,IndexedBinaryHeap,100000,42,1,6.505042
insert_extract,IndexedBinaryHeap,100000,42,2,6.488834
insert_extract,FibonacciHeap,100000,42,2,60.722667
insert_extract,FibonacciHeap,100000,42,3,61.962833
insert_extract,IndexedBinaryHeap,100000,42,3,6.568666
insert_extract,IndexedBinaryHeap,100000,42,4,6.472541
insert_extract,FibonacciHeap,100000,42,4,62.604917
insert_extract,FibonacciHeap,100000,42,5,61.352292
insert_extract,IndexedBinaryHeap,100000,42,5,7.255208
insert_extract,FibonacciHeap,100000,123,1,60.794292
insert_extract,IndexedBinaryHeap,100000,123,1,6.484416
insert_extract,IndexedBinaryHeap,100000,123,2,6.468750
insert_extract,FibonacciHeap,100000,123,2,60.514458
insert_extract,FibonacciHeap,100000,123,3,63.156625
insert_extract,IndexedBinaryHeap,100000,123,3,6.992791
insert_extract,IndexedBinaryHeap,100000,123,4,6.746125
insert_extract,FibonacciHeap,100000,123,4,64.656708
insert_extract,FibonacciHeap,100000,123,5,60.905125
insert_extract,IndexedBinaryHeap,100000,123,5,6.531583
insert_extract,FibonacciHeap,100000,2026,1,64.929042
insert_extract,IndexedBinaryHeap,100000,2026,1,6.527958
insert_extract,IndexedBinaryHeap,100000,2026,2,6.438166
insert_extract,FibonacciHeap,100000,2026,2,86.492084
insert_extract,FibonacciHeap,100000,2026,3,66.364958
insert_extract,IndexedBinaryHeap,100000,2026,3,6.983333
insert_extract,IndexedBinaryHeap,100000,2026,4,6.685334
insert_extract,FibonacciHeap,100000,2026,4,63.943958
insert_extract,FibonacciHeap,100000,2026,5,60.606750
insert_extract,IndexedBinaryHeap,100000,2026,5,6.521416
